,Premise,Hypothesis,Label,Time Diff,Type,Prem Fixed,Temp Type
33,9月以前彼らは結婚した。,11月以前彼らは結婚した。,Entailment,0.1666666666666666,SINGLE_month,False,Forward Past
46,1996年に、彼らは結婚した。,1983年以降、彼らは結婚した。,Entailment,0.1287128712871287,SINGLE_year,True,Backward Past
47,1914年に、彼らは結婚した。,1913年以前、彼らは結婚した。,Contradiction,0.0099009900990099,SINGLE_year,True,Backward Past
51,1953年以降彼らは結婚した。,1969年以前彼らは結婚した。,Neutral,0.1584158415841584,SINGLE_year,False,Forward Past
82,土曜日に私たちはディズニーランドに行った。,金曜日以前私たちはディズニーランドに行った。,Contradiction,0.1428571428571428,SINGLE_day,True,Forward Past
210,1932年以前マイケルは家を買った。,1933年以前マイケルは家を買った。,Entailment,0.0099009900990099,SINGLE_year,False,Forward Past
297,5月以降、リリーは飛行機でニューヨークに行った。,7月以前、リリーは飛行機でニューヨークに行った。,Neutral,0.1666666666666666,SINGLE_month,False,Backward Past
316,1982年以降、リリーは飛行機でニューヨークに行った。,1959年以降、リリーは飛行機でニューヨークに行った。,Entailment,0.2277227722772277,SINGLE_year,False,Backward Past
317,1962年以前、リリーは飛行機でニューヨークに行った。,1938年以降、リリーは飛行機でニューヨークに行った。,Neutral,0.2376237623762376,SINGLE_year,False,Backward Past
328,午後2時に、リリーは飛行機でニューヨークに行った。,午前7時以前、リリーは飛行機でニューヨークに行った。,Contradiction,0.2916666666666667,SINGLE_day_time_12,True,Backward Past
432,10月以前音楽コンサートが始まった。,5月以降音楽コンサートが始まった。,Neutral,0.4166666666666667,SINGLE_month,False,Forward Past
466,19時に、音楽コンサートが始まった。,12時以前、音楽コンサートが始まった。,Contradiction,0.2916666666666667,SINGLE_day_time_24,True,Backward Past
497,14日以降、音楽コンサートが始まった。,9日以前、音楽コンサートが始まった。,Contradiction,0.1785714285714285,SINGLE_date,False,Backward Past
534,水曜日以降トラが最後に目撃された。,月曜日以降トラが最後に目撃された。,Entailment,0.2857142857142857,SINGLE_day,False,Forward Past
594,午後2時以前トラが最後に目撃された。,午後7時以降トラが最後に目撃された。,Contradiction,0.2083333333333333,SINGLE_day_time_12,False,Forward Past
598,午後4時以前、トラが最後に目撃された。,午後12時以前、トラが最後に目撃された。,Entailment,0.3333333333333333,SINGLE_day_time_12,False,Backward Past
626,14日に、トラが最後に目撃された。,12日以降、トラが最後に目撃された。,Entailment,0.0714285714285714,SINGLE_date,True,Backward Past
635,23日以前、トラが最後に目撃された。,14日以降、トラが最後に目撃された。,Neutral,0.3214285714285714,SINGLE_date,False,Backward Past
653,午後8時以前私は友人とディナーを食べた。,22時以前私は友人とディナーを食べた。,Entailment,0.125,MULTI_day_time,False,Forward Past
671,月曜日以降私は友人とディナーを食べた。,日曜日以降私は友人とディナーを食べた。,Entailment,0.1428571428571428,SINGLE_day,False,Forward Past
696,午後1時以前、私は友人とディナーを食べた。,午前12時以降、私は友人とディナーを食べた。,Neutral,0.0416666666666666,SINGLE_day_time_12,False,Backward Past
751,5時以降彼は仕事を辞めた。,午後1時以前彼は仕事を辞めた。,Neutral,0.2916666666666667,MULTI_day_time,False,Forward Past
774,水曜日以降彼は仕事を辞めた。,月曜日以前彼は仕事を辞めた。,Contradiction,0.2857142857142857,SINGLE_day,False,Forward Past
817,1902年以降、彼は仕事を辞めた。,1920年以前、彼は仕事を辞めた。,Neutral,0.1782178217821782,SINGLE_year,False,Backward Past
836,午後4時以降、彼は仕事を辞めた。,午前6時以前、彼は仕事を辞めた。,Contradiction,0.4166666666666667,SINGLE_day_time_12,False,Backward Past
850,18時以前彼は仕事を辞めた。,23時以降彼は仕事を辞めた。,Contradiction,0.2083333333333333,SINGLE_day_time_24,False,Forward Past
870,11日以前彼は仕事を辞めた。,19日以降彼は仕事を辞めた。,Contradiction,0.2857142857142857,SINGLE_date,False,Forward Past
881,午後1時に会議が開催された。,20時以前会議が開催された。,Entailment,0.3333333333333333,MULTI_day_time,True,Forward Past
893,2時以前会議が開催された。,午前4時以降会議が開催された。,Contradiction,0.0416666666666666,MULTI_day_time,False,Forward Past
959,1986年以降、会議が開催された。,1941年以降、会議が開催された。,Entailment,0.4455445544554455,SINGLE_year,False,Backward Past
963,午後9時に会議が開催された。,午後10時以降会議が開催された。,Contradiction,0.0416666666666666,SINGLE_day_time_12,True,Forward Past
1002,25日に会議が開催された。,20日以降会議が開催された。,Entailment,0.1785714285714285,SINGLE_date,True,Forward Past
1006,12日に、会議が開催された。,6日以前、会議が開催された。,Contradiction,0.2142857142857142,SINGLE_date,True,Backward Past
1027,7時に、街は大規模な停電に見舞われた。,午前11時以降、街は大規模な停電に見舞われた。,Contradiction,0.125,MULTI_day_time,True,Backward Past
1045,火曜日に、街は大規模な停電に見舞われた。,金曜日以前、街は大規模な停電に見舞われた。,Entailment,0.4285714285714285,SINGLE_day,True,Backward Past
1053,月曜日以降街は大規模な停電に見舞われた。,火曜日以降街は大規模な停電に見舞われた。,Neutral,0.1428571428571428,SINGLE_day,False,Forward Past
1095,1983年以降、街は大規模な停電に見舞われた。,1958年以前、街は大規模な停電に見舞われた。,Contradiction,0.2475247524752475,SINGLE_year,False,Backward Past
1139,19時以降、街は大規模な停電に見舞われた。,8時以前、街は大規模な停電に見舞われた。,Contradiction,0.4583333333333333,SINGLE_day_time_24,False,Backward Past
1175,午前1時以降、津波が海岸を襲った。,12時以前、津波が海岸を襲った。,Neutral,0.5,MULTI_day_time,False,Backward Past
1177,午前5時以前、津波が海岸を襲った。,9時以降、津波が海岸を襲った。,Contradiction,0.2083333333333333,MULTI_day_time,False,Backward Past
1187,月曜日に、津波が海岸を襲った。,日曜日以前、津波が海岸を襲った。,Contradiction,0.1428571428571428,SINGLE_day,True,Backward Past
1270,13時以降津波が海岸を襲った。,7時以降津波が海岸を襲った。,Entailment,0.25,SINGLE_day_time_24,False,Forward Past
1288,16日に、津波が海岸を襲った。,17日以降、津波が海岸を襲った。,Contradiction,0.0357142857142857,SINGLE_date,True,Backward Past
1317,月曜日以前、このチームはワールドカップで優勝した。,火曜日以降、このチームはワールドカップで優勝した。,Contradiction,0.1428571428571428,SINGLE_day,False,Backward Past
1556,2月以前、国が戒厳令を発令した。,6月以前、国が戒厳令を発令した。,Entailment,0.3333333333333333,SINGLE_month,False,Backward Past
1570,1944年以前国が戒厳令を発令した。,1903年以降国が戒厳令を発令した。,Neutral,0.4059405940594059,SINGLE_year,False,Forward Past
1637,2日以前、国が戒厳令を発令した。,16日以前、国が戒厳令を発令した。,Entailment,0.5,SINGLE_date,False,Backward Past
1705,1991年に、この株の価格がピークに達した。,1936年以降、この株の価格がピークに達した。,Entailment,0.5445544554455446,SINGLE_year,True,Backward Past
1741,11時にこの株の価格がピークに達した。,22時以降この株の価格がピークに達した。,Contradiction,0.4583333333333333,SINGLE_day_time_24,True,Forward Past
1760,19日にこの株の価格がピークに達した。,16日以前この株の価格がピークに達した。,Contradiction,0.1071428571428571,SINGLE_date,True,Forward Past
1844,1976年に倒産した会社が大規模なレイオフを実施した。,1996年以前倒産した会社が大規模なレイオフを実施した。,Entailment,0.198019801980198,SINGLE_year,True,Forward Past
1863,午後5時に倒産した会社が大規模なレイオフを実施した。,午後11時以前倒産した会社が大規模なレイオフを実施した。,Entailment,0.25,SINGLE_day_time_12,True,Forward Past
1899,6時以降、倒産した会社が大規模なレイオフを実施した。,4時以降、倒産した会社が大規模なレイオフを実施した。,Entailment,0.0833333333333333,SINGLE_day_time_24,False,Backward Past
1925,22時に、政府予算が出た。,午後7時以降、政府予算が出た。,Entailment,0.1666666666666666,MULTI_day_time,True,Backward Past
1967,8月に、政府予算が出た。,4月以降、政府予算が出た。,Entailment,0.3333333333333333,SINGLE_month,True,Backward Past
2014,午後7時以降政府予算が出た。,午後6時以前政府予算が出た。,Contradiction,0.0416666666666666,SINGLE_day_time_12,False,Forward Past
2063,3時にその囚人の刑期が終わった。,午前3時以降その囚人の刑期が終わった。,Entailment,0.0416666666666666,MULTI_day_time,True,Forward Past
2088,火曜日に、その囚人の刑期が終わった。,水曜日以前、その囚人の刑期が終わった。,Entailment,0.1428571428571428,SINGLE_day,True,Backward Past
2095,水曜日以降、その囚人の刑期が終わった。,火曜日以降、その囚人の刑期が終わった。,Entailment,0.1428571428571428,SINGLE_day,False,Backward Past
2143,午前10時にその囚人の刑期が終わった。,午前10時以降その囚人の刑期が終わった。,Entailment,0.0,SINGLE_day_time_12,True,Forward Past
2159,午前1時以前、その囚人の刑期が終わった。,午前6時以降、その囚人の刑期が終わった。,Contradiction,0.2083333333333333,SINGLE_day_time_12,False,Backward Past
2173,11時以前その囚人の刑期が終わった。,10時以前その囚人の刑期が終わった。,Neutral,0.0416666666666666,SINGLE_day_time_24,False,Forward Past
2178,16時以降、その囚人の刑期が終わった。,12時以降、その囚人の刑期が終わった。,Entailment,0.1666666666666666,SINGLE_day_time_24,False,Backward Past
2297,午前4時以前、この記事が掲載された。,午後4時以前、この記事が掲載された。,Entailment,0.5,SINGLE_day_time_12,False,Backward Past
2402,1905年に私はこの写真をインスタグラムに投稿した。,1965年以前私はこの写真をインスタグラムに投稿した。,Entailment,0.594059405940594,SINGLE_year,True,Forward Past
2478,24日以前、私はこの写真をインスタグラムに投稿した。,13日以降、私はこの写真をインスタグラムに投稿した。,Neutral,0.3928571428571428,SINGLE_date,False,Backward Past
2642,19時に私の英語の授業が始まった。,午後7時以前私の英語の授業が始まった。,Contradiction,0.0416666666666666,MULTI_day_time,True,Forward Past
2725,12時に、私の英語の授業が始まった。,10時以降、私の英語の授業が始まった。,Entailment,0.0833333333333333,SINGLE_day_time_24,True,Backward Past
2824,3時にコーディング大会が始まった。,1時以前コーディング大会が始まった。,Contradiction,0.0833333333333333,SINGLE_day_time_24,True,Forward Past
2863,午前12時にミーティングが始まった。,9時以前ミーティングが始まった。,Contradiction,0.0833333333333333,MULTI_day_time,True,Forward Past
2871,午後5時以前ミーティングが始まった。,22時以降ミーティングが始まった。,Contradiction,0.25,MULTI_day_time,False,Forward Past
2885,午後9時に、ミーティングが始まった。,午後5時以前、ミーティングが始まった。,Contradiction,0.1666666666666666,SINGLE_day_time_12,True,Backward Past
2931,18時以降私はオフィスでの休暇を開始した。,午後7時以降私はオフィスでの休暇を開始した。,Entailment,0.0,MULTI_day_time,False,Forward Past
2938,18時以降、私はオフィスでの休暇を開始した。,午後12時以降、私はオフィスでの休暇を開始した。,Neutral,0.2083333333333333,MULTI_day_time,False,Backward Past
2964,7月に私はオフィスでの休暇を開始した。,10月以降私はオフィスでの休暇を開始した。,Contradiction,0.25,SINGLE_month,True,Forward Past
2971,7月以前私はオフィスでの休暇を開始した。,2月以降私はオフィスでの休暇を開始した。,Neutral,0.4166666666666667,SINGLE_month,False,Forward Past
3002,9時に私はオフィスでの休暇を開始した。,20時以前私はオフィスでの休暇を開始した。,Entailment,0.4583333333333333,SINGLE_day_time_24,True,Forward Past
3034,19日以前私はオフィスでの休暇を開始した。,20日以前私はオフィスでの休暇を開始した。,Entailment,0.0357142857142857,SINGLE_date,False,Forward Past
3042,木曜日に私は長期休暇を利用して旅立った。,火曜日以前私は長期休暇を利用して旅立った。,Contradiction,0.2857142857142857,SINGLE_day,True,Forward Past
3055,水曜日以前、私は長期休暇を利用して旅立った。,月曜日以降、私は長期休暇を利用して旅立った。,Neutral,0.2857142857142857,SINGLE_day,False,Backward Past
3056,月曜日以前、私は長期休暇を利用して旅立った。,水曜日以降、私は長期休暇を利用して旅立った。,Contradiction,0.2857142857142857,SINGLE_day,False,Backward Past
3071,8月以前私は長期休暇を利用して旅立った。,10月以降私は長期休暇を利用して旅立った。,Contradiction,0.1666666666666666,SINGLE_month,False,Forward Past
3083,2日に私は長期休暇を利用して旅立った。,11日以降私は長期休暇を利用して旅立った。,Contradiction,0.3214285714285714,SINGLE_date,True,Forward Past
3122,4月に気持ちの良い天気が続く。,6月以降気持ちの良い天気が続く。,Contradiction,0.1666666666666666,SINGLE_month,True,Forward Past
3179,金曜日以前、春学期が始まった。,木曜日以降、春学期が始まった。,Neutral,0.1428571428571428,SINGLE_day,False,Backward Past
3192,6月以前春学期が始まった。,9月以降春学期が始まった。,Contradiction,0.25,SINGLE_month,False,Forward Past
3250,水曜日以前私はMSアプリケーションに着手した。,火曜日以降私はMSアプリケーションに着手した。,Neutral,0.1428571428571428,SINGLE_day,False,Forward Past
3263,10月に私はMSアプリケーションに着手した。,6月以降私はMSアプリケーションに着手した。,Entailment,0.3333333333333333,SINGLE_month,True,Forward Past
3294,午後2時以前私はMSアプリケーションに着手した。,午前3時以前私はMSアプリケーションに着手した。,Neutral,0.4583333333333333,SINGLE_day_time_12,False,Forward Past
3338,19日以降、私はMSアプリケーションに着手した。,17日以降、私はMSアプリケーションに着手した。,Entailment,0.0714285714285714,SINGLE_date,False,Backward Past
3375,1月以前、戦争が始まった。,4月以降、戦争が始まった。,Contradiction,0.25,SINGLE_month,False,Backward Past
3384,1906年に戦争が始まった。,1918年以降戦争が始まった。,Contradiction,0.1188118811881188,SINGLE_year,True,Forward Past
3491,1951年以前私の祖父が生まれた。,1982年以降私の祖父が生まれた。,Contradiction,0.3069306930693069,SINGLE_year,False,Forward Past
3512,午前1時以前私の祖父が生まれた。,午前9時以前私の祖父が生まれた。,Entailment,0.3333333333333333,SINGLE_day_time_12,False,Forward Past
3514,午前1時以前私の祖父が生まれた。,午前7時以前私の祖父が生まれた。,Entailment,0.25,SINGLE_day_time_12,False,Forward Past
3515,午前12時以前、私の祖父が生まれた。,午前4時以降、私の祖父が生まれた。,Neutral,0.3333333333333333,SINGLE_day_time_12,False,Backward Past
3573,月曜日以前その国は独裁国家となった。,火曜日以降その国は独裁国家となった。,Contradiction,0.1428571428571428,SINGLE_day,False,Forward Past
3589,1月に、その国は独裁国家となった。,2月以降、その国は独裁国家となった。,Contradiction,0.0833333333333333,SINGLE_month,True,Backward Past
3595,5月以降、その国は独裁国家となった。,3月以降、その国は独裁国家となった。,Entailment,0.1666666666666666,SINGLE_month,False,Backward Past
3599,11月以前、その国は独裁国家となった。,8月以降、その国は独裁国家となった。,Neutral,0.25,SINGLE_month,False,Backward Past
3609,1987年に、その国は独裁国家となった。,1920年以前、その国は独裁国家となった。,Contradiction,0.6633663366336634,SINGLE_year,True,Backward Past
3664,1903年にパンデミックが始まった。,1921年以降パンデミックが始まった。,Contradiction,0.1782178217821782,SINGLE_year,True,Forward Past
3700,午後4時にルークはディナーを食べた。,午前9時以前ルークはディナーを食べた。,Contradiction,0.2916666666666667,SINGLE_day_time_12,True,Forward Past
3790,4時以前メアリーのパーティーが始まった。,0時以前メアリーのパーティーが始まった。,Neutral,0.1666666666666666,SINGLE_day_time_24,False,Forward Past
3798,9時以前、メアリーのパーティーが始まった。,1時以降、メアリーのパーティーが始まった。,Neutral,0.3333333333333333,SINGLE_day_time_24,False,Backward Past
3867,11時に、サーバーがバックアップされた。。,17時以降、サーバーがバックアップされた。。,Contradiction,0.25,SINGLE_day_time_24,True,Backward Past
3968,午前10時に、私たちのお気に入りの朝食レストランが開店した。,1時以降、私たちのお気に入りの朝食レストランが開店した。,Entailment,0.3333333333333333,MULTI_day_time,True,Backward Past
3979,11時以降、私たちのお気に入りの朝食レストランが開店した。,午前11時以降、私たちのお気に入りの朝食レストランが開店した。,Entailment,0.0416666666666666,MULTI_day_time,False,Backward Past
4006,6月に、私たちのお気に入りの朝食レストランが開店した。,6月以降、私たちのお気に入りの朝食レストランが開店した。,Entailment,0.0,SINGLE_month,True,Backward Past
4017,7月以前、私たちのお気に入りの朝食レストランが開店した。,8月以降、私たちのお気に入りの朝食レストランが開店した。,Contradiction,0.0833333333333333,SINGLE_month,False,Backward Past
4032,1998年以降私たちのお気に入りの朝食レストランが開店した。,1904年以前私たちのお気に入りの朝食レストランが開店した。,Contradiction,0.9306930693069309,SINGLE_year,False,Forward Past
4036,1947年以前、私たちのお気に入りの朝食レストランが開店した。,1986年以降、私たちのお気に入りの朝食レストランが開店した。,Contradiction,0.3861386138613861,SINGLE_year,False,Backward Past
4115,午後10時以降、大統領がスピーチをした。,11時以前、大統領がスピーチをした。,Contradiction,0.4166666666666667,MULTI_day_time,False,Backward Past
4166,4時に、大統領がスピーチをした。,15時以前、大統領がスピーチをした。,Entailment,0.4583333333333333,SINGLE_day_time_24,True,Backward Past
4175,3時以前、大統領がスピーチをした。,10時以降、大統領がスピーチをした。,Contradiction,0.2916666666666667,SINGLE_day_time_24,False,Backward Past
4178,10時以降、大統領がスピーチをした。,16時以前、大統領がスピーチをした。,Neutral,0.25,SINGLE_day_time_24,False,Backward Past
4192,1日以降大統領がスピーチをした。,6日以前大統領がスピーチをした。,Neutral,0.1785714285714285,SINGLE_date,False,Forward Past
4214,6時以降公園が開いた。,午前11時以降公園が開いた。,Neutral,0.1666666666666666,MULTI_day_time,False,Forward Past
4236,木曜日以降、公園が開いた。,月曜日以降、公園が開いた。,Entailment,0.4285714285714285,SINGLE_day,False,Backward Past
4241,1月に公園が開いた。,5月以前公園が開いた。,Entailment,0.3333333333333333,SINGLE_month,True,Forward Past
4245,11月に、公園が開いた。,10月以前、公園が開いた。,Contradiction,0.0833333333333333,SINGLE_month,True,Backward Past
4333,18日以前公園が開いた。,24日以降公園が開いた。,Contradiction,0.2142857142857142,SINGLE_date,False,Forward Past
4334,13日以降公園が開いた。,9日以降公園が開いた。,Entailment,0.1428571428571428,SINGLE_date,False,Forward Past
4491,午前9時以降最終成績の提出期限が来た。,午前11時以降最終成績の提出期限が来た。,Neutral,0.0833333333333333,SINGLE_day_time_12,False,Forward Past
4513,6時以前最終成績の提出期限が来た。,9時以降最終成績の提出期限が来た。,Contradiction,0.125,SINGLE_day_time_24,False,Forward Past
4514,4時以前最終成績の提出期限が来た。,7時以前最終成績の提出期限が来た。,Entailment,0.125,SINGLE_day_time_24,False,Forward Past
4541,火曜日にケンドリックのアルバムが発売された。,水曜日以前ケンドリックのアルバムが発売された。,Entailment,0.1428571428571428,SINGLE_day,True,Forward Past
4574,5月以前ケンドリックのアルバムが発売された。,11月以前ケンドリックのアルバムが発売された。,Entailment,0.5,SINGLE_month,False,Forward Past
4592,1968年以降ケンドリックのアルバムが発売された。,1914年以降ケンドリックのアルバムが発売された。,Entailment,0.5346534653465347,SINGLE_year,False,Forward Past
4694,3日以降大統領選挙が行われた。,14日以降大統領選挙が行われた。,Neutral,0.3928571428571428,SINGLE_date,False,Forward Past
4762,13時に大家さんが家賃を徴収した。,18時以前大家さんが家賃を徴収した。,Entailment,0.2083333333333333,SINGLE_day_time_24,True,Forward Past
4786,10日に、大家さんが家賃を徴収した。,12日以前、大家さんが家賃を徴収した。,Entailment,0.0714285714285714,SINGLE_date,True,Backward Past
4815,6時以前、私たちは自転車に乗った。,午前12時以前、私たちは自転車に乗った。,Entailment,0.2083333333333333,MULTI_day_time,False,Backward Past
4897,9日以降、私たちは自転車に乗った。,7日以前、私たちは自転車に乗った。,Contradiction,0.0714285714285714,SINGLE_date,False,Backward Past
4908,月曜日に、Appleは新しいiPhoneを発売した。,水曜日以降、Appleは新しいiPhoneを発売した。,Contradiction,0.2857142857142857,SINGLE_day,True,Backward Past
5000,4日にジェークは引っ越した。,1日以降ジェークは引っ越した。,Entailment,0.1071428571428571,SINGLE_date,True,Forward Past
5026,午後12時に、診察の予定が入っていた。,20時以前、診察の予定が入っていた。,Contradiction,0.125,MULTI_day_time,True,Backward Past
5043,金曜日に診察の予定が入っていた。,水曜日以降診察の予定が入っていた。,Entailment,0.2857142857142857,SINGLE_day,True,Forward Past
5065,午後1時に、診察の予定が入っていた。,午前7時以降、診察の予定が入っていた。,Entailment,0.25,SINGLE_day_time_12,True,Backward Past
5068,午後8時に、診察の予定が入っていた。,午後5時以降、診察の予定が入っていた。,Entailment,0.125,SINGLE_day_time_12,True,Backward Past
5121,日曜日に彼らは結婚するでしょう。,月曜日以前彼らは結婚するでしょう。,Entailment,0.1428571428571428,SINGLE_day,True,Forward Future
5155,3月以降、彼らは結婚するでしょう。,6月以降、彼らは結婚するでしょう。,Neutral,0.25,SINGLE_month,False,Backward Future
5160,1906年に彼らは結婚するでしょう。,1973年以降彼らは結婚するでしょう。,Contradiction,0.6633663366336634,SINGLE_year,True,Forward Future
5172,1979年以前彼らは結婚するでしょう。,1916年以降彼らは結婚するでしょう。,Neutral,0.6237623762376238,SINGLE_year,False,Forward Future
5177,1992年以降、彼らは結婚するでしょう。,1939年以前、彼らは結婚するでしょう。,Contradiction,0.5247524752475248,SINGLE_year,False,Backward Future
5251,1977年以降私たちはディズニーランドに行くでしょう。,1960年以降私たちはディズニーランドに行くでしょう。,Entailment,0.1683168316831683,SINGLE_year,False,Forward Future
5255,1955年以降、私たちはディズニーランドに行くでしょう。,1914年以降、私たちはディズニーランドに行くでしょう。,Entailment,0.4059405940594059,SINGLE_year,False,Backward Future
5265,13日に、私たちはディズニーランドに行くでしょう。,20日以前、私たちはディズニーランドに行くでしょう。,Entailment,0.25,SINGLE_date,True,Backward Future
5286,金曜日に、マイケルは家を買うでしょう。,水曜日以前、マイケルは家を買うでしょう。,Contradiction,0.2857142857142857,SINGLE_day,True,Backward Future
5337,1910年以降、マイケルは家を買うでしょう。,1996年以降、マイケルは家を買うでしょう。,Neutral,0.8514851485148515,SINGLE_year,False,Backward Future
5338,1988年以降、マイケルは家を買うでしょう。,1902年以前、マイケルは家を買うでしょう。,Contradiction,0.8514851485148515,SINGLE_year,False,Backward Future
5343,11日にマイケルは家を買うでしょう。,6日以前マイケルは家を買うでしょう。,Contradiction,0.1785714285714285,SINGLE_date,True,Forward Future
5379,17時以前、リリーは飛行機でニューヨークに行くでしょう。,午後8時以降、リリーは飛行機でニューヨークに行くでしょう。,Contradiction,0.0833333333333333,MULTI_day_time,False,Backward Future
5403,5月にリリーは飛行機でニューヨークに行くでしょう。,1月以降リリーは飛行機でニューヨークに行くでしょう。,Entailment,0.3333333333333333,SINGLE_month,True,Forward Future
5424,1976年にリリーは飛行機でニューヨークに行くでしょう。,1951年以前リリーは飛行機でニューヨークに行くでしょう。,Contradiction,0.2475247524752475,SINGLE_year,True,Forward Future
5429,1901年に、リリーは飛行機でニューヨークに行くでしょう。,1916年以降、リリーは飛行機でニューヨークに行くでしょう。,Contradiction,0.1485148514851485,SINGLE_year,True,Backward Future
5430,1995年以降リリーは飛行機でニューヨークに行くでしょう。,1938年以前リリーは飛行機でニューヨークに行くでしょう。,Contradiction,0.5643564356435643,SINGLE_year,False,Forward Future
5447,午前3時に、リリーは飛行機でニューヨークに行くでしょう。,午前2時以前、リリーは飛行機でニューヨークに行くでしょう。,Contradiction,0.0416666666666666,SINGLE_day_time_12,True,Backward Future
5474,8時以降リリーは飛行機でニューヨークに行くでしょう。,3時以前リリーは飛行機でニューヨークに行くでしょう。,Contradiction,0.2083333333333333,SINGLE_day_time_24,False,Forward Future
5515,21時以降、音楽コンサートが始まるでしょう。,午前11時以降、音楽コンサートが始まるでしょう。,Entailment,0.4583333333333333,MULTI_day_time,False,Backward Future
5519,午前11時以前、音楽コンサートが始まるでしょう。,15時以前、音楽コンサートが始まるでしょう。,Entailment,0.2083333333333333,MULTI_day_time,False,Backward Future
5569,午後3時に、音楽コンサートが始まるでしょう。,午後12時以前、音楽コンサートが始まるでしょう。,Entailment,0.375,SINGLE_day_time_12,True,Backward Future
5572,午前5時以前音楽コンサートが始まるでしょう。,午前9時以降音楽コンサートが始まるでしょう。,Contradiction,0.1666666666666666,SINGLE_day_time_12,False,Forward Future
5595,22時以前、音楽コンサートが始まるでしょう。,23時以前、音楽コンサートが始まるでしょう。,Entailment,0.0416666666666666,SINGLE_day_time_24,False,Backward Future
5604,17日に音楽コンサートが始まるでしょう。,25日以降音楽コンサートが始まるでしょう。,Contradiction,0.2857142857142857,SINGLE_date,True,Forward Future
5712,6時以降トラが目撃されるでしょう。,9時以前トラが目撃されるでしょう。,Neutral,0.125,SINGLE_day_time_24,False,Forward Future
5716,11時以前、トラが目撃されるでしょう。,8時以降、トラが目撃されるでしょう。,Neutral,0.125,SINGLE_day_time_24,False,Backward Future
5717,11時以降、トラが目撃されるでしょう。,1時以前、トラが目撃されるでしょう。,Contradiction,0.4166666666666667,SINGLE_day_time_24,False,Backward Future
5725,27日に、トラが目撃されるでしょう。,16日以降、トラが目撃されるでしょう。,Entailment,0.3928571428571428,SINGLE_date,True,Backward Future
5767,土曜日に、私は友人とディナーを食べるでしょう。,金曜日以降、私は友人とディナーを食べるでしょう。,Entailment,0.1428571428571428,SINGLE_day,True,Backward Future
5781,午前11時に私は友人とディナーを食べるでしょう。,午後6時以前私は友人とディナーを食べるでしょう。,Entailment,0.2916666666666667,SINGLE_day_time_12,True,Forward Future
5818,3時以降、私は友人とディナーを食べるでしょう。,15時以前、私は友人とディナーを食べるでしょう。,Neutral,0.5,SINGLE_day_time_24,False,Backward Future
5830,23日以降私は友人とディナーを食べるでしょう。,25日以降私は友人とディナーを食べるでしょう。,Neutral,0.0714285714285714,SINGLE_date,False,Forward Future
5899,4月以前、彼は仕事を辞めるでしょう。,4月以降、彼は仕事を辞めるでしょう。,Neutral,0.0,SINGLE_month,False,Backward Future
5911,午前10時以降彼は仕事を辞めるでしょう。,午後10時以前彼は仕事を辞めるでしょう。,Neutral,0.5,SINGLE_day_time_12,False,Forward Future
5928,4時に、彼は仕事を辞めるでしょう。,1時以前、彼は仕事を辞めるでしょう。,Contradiction,0.125,SINGLE_day_time_24,True,Backward Future
6054,午後11時以降会議が開催されるでしょう。,午後10時以降会議が開催されるでしょう。,Entailment,0.0416666666666666,SINGLE_day_time_12,False,Forward Future
6057,午前12時以降、会議が開催されるでしょう。,午前11時以前、会議が開催されるでしょう。,Contradiction,0.0416666666666666,SINGLE_day_time_12,False,Backward Future
6061,1時に会議が開催されるでしょう。,9時以降会議が開催されるでしょう。,Contradiction,0.3333333333333333,SINGLE_day_time_24,True,Forward Future
6075,5時以前、会議が開催されるでしょう。,14時以前、会議が開催されるでしょう。,Entailment,0.375,SINGLE_day_time_24,False,Backward Future
6085,17日に、会議が開催されるでしょう。,13日以前、会議が開催されるでしょう。,Contradiction,0.1428571428571428,SINGLE_date,True,Backward Future
6107,4時に、街は大規模な停電に見舞われるでしょう。,午前10時以降、街は大規模な停電に見舞われるでしょう。,Contradiction,0.2083333333333333,MULTI_day_time,True,Backward Future
6156,午後1時以前、街は大規模な停電に見舞われるでしょう。,午後8時以前、街は大規模な停電に見舞われるでしょう。,Entailment,0.2916666666666667,SINGLE_day_time_12,False,Backward Future
6195,4日以前、街は大規模な停電に見舞われるでしょう。,18日以降、街は大規模な停電に見舞われるでしょう。,Contradiction,0.5,SINGLE_date,False,Backward Future
6234,火曜日以前津波が海岸を襲うでしょう。,金曜日以降津波が海岸を襲うでしょう。,Contradiction,0.4285714285714285,SINGLE_day,False,Forward Future
6235,土曜日以降、津波が海岸を襲うでしょう。,木曜日以前、津波が海岸を襲うでしょう。,Contradiction,0.2857142857142857,SINGLE_day,False,Backward Future
6251,5月以降津波が海岸を襲うでしょう。,2月以降津波が海岸を襲うでしょう。,Entailment,0.25,SINGLE_month,False,Forward Future
6276,午後4時以前、津波が海岸を襲うでしょう。,午後7時以前、津波が海岸を襲うでしょう。,Entailment,0.125,SINGLE_day_time_12,False,Backward Future
6369,1960年に、このチームはワールドカップで優勝するでしょう。,1986年以降、このチームはワールドカップで優勝するでしょう。,Contradiction,0.2574257425742574,SINGLE_year,True,Backward Future
6407,午後1時に、彼女のgoogleでのインターンシップが始まるでしょう。,15時以降、彼女のgoogleでのインターンシップが始まるでしょう。,Contradiction,0.125,MULTI_day_time,True,Backward Future
6420,日曜日に彼女のgoogleでのインターンシップが始まるでしょう。,月曜日以降彼女のgoogleでのインターンシップが始まるでしょう。,Contradiction,0.1428571428571428,SINGLE_day,True,Forward Future
6421,土曜日に彼女のgoogleでのインターンシップが始まるでしょう。,金曜日以前彼女のgoogleでのインターンシップが始まるでしょう。,Contradiction,0.1428571428571428,SINGLE_day,True,Forward Future
6451,6月以降彼女のgoogleでのインターンシップが始まるでしょう。,1月以前彼女のgoogleでのインターンシップが始まるでしょう。,Contradiction,0.4166666666666667,SINGLE_month,False,Forward Future
6471,1958年以降彼女のgoogleでのインターンシップが始まるでしょう。,1986年以降彼女のgoogleでのインターンシップが始まるでしょう。,Neutral,0.2772277227722772,SINGLE_year,False,Forward Future
6490,午後1時以降彼女のgoogleでのインターンシップが始まるでしょう。,午前7時以前彼女のgoogleでのインターンシップが始まるでしょう。,Contradiction,0.25,SINGLE_day_time_12,False,Forward Future
6571,水曜日以降国が戒厳令を発令するでしょう。,水曜日以前国が戒厳令を発令するでしょう。,Neutral,0.0,SINGLE_day,False,Forward Future
6579,水曜日以降、国が戒厳令を発令するでしょう。,日曜日以前、国が戒厳令を発令するでしょう。,Contradiction,0.4285714285714285,SINGLE_day,False,Backward Future
6606,午後4時に、国が戒厳令を発令するでしょう。,午前8時以降、国が戒厳令を発令するでしょう。,Entailment,0.3333333333333333,SINGLE_day_time_12,True,Backward Future
6669,14時に、この株の価格がピークに達するでしょう。,午後6時以前、この株の価格がピークに達するでしょう。,Entailment,0.125,MULTI_day_time,True,Backward Future
6672,0時以降この株の価格がピークに達するでしょう。,午前7時以降この株の価格がピークに達するでしょう。,Neutral,0.25,MULTI_day_time,False,Forward Future
6708,10月に、この株の価格がピークに達するでしょう。,4月以前、この株の価格がピークに達するでしょう。,Contradiction,0.5,SINGLE_month,True,Backward Future
6711,4月以前この株の価格がピークに達するでしょう。,3月以前この株の価格がピークに達するでしょう。,Neutral,0.0833333333333333,SINGLE_month,False,Forward Future
6720,1921年にこの株の価格がピークに達するでしょう。,1911年以降この株の価格がピークに達するでしょう。,Entailment,0.099009900990099,SINGLE_year,True,Forward Future
6721,1963年にこの株の価格がピークに達するでしょう。,1909年以降この株の価格がピークに達するでしょう。,Entailment,0.5346534653465347,SINGLE_year,True,Forward Future
6791,12日以前この株の価格がピークに達するでしょう。,15日以前この株の価格がピークに達するでしょう。,Entailment,0.1071428571428571,SINGLE_date,False,Forward Future
6803,15時に倒産した会社が大規模なレイオフを実施するでしょう。,午後10時以降倒産した会社が大規模なレイオフを実施するでしょう。,Contradiction,0.25,MULTI_day_time,True,Forward Future
6843,6月に倒産した会社が大規模なレイオフを実施するでしょう。,9月以降倒産した会社が大規模なレイオフを実施するでしょう。,Contradiction,0.25,SINGLE_month,True,Forward Future
6910,7日以前倒産した会社が大規模なレイオフを実施するでしょう。,18日以降倒産した会社が大規模なレイオフを実施するでしょう。,Contradiction,0.3928571428571428,SINGLE_date,False,Forward Future
6933,7時以降政府予算が出るでしょう。,午後7時以前政府予算が出るでしょう。,Neutral,0.4583333333333333,MULTI_day_time,False,Forward Future
6936,午後9時以前、政府予算が出るでしょう。,10時以前、政府予算が出るでしょう。,Neutral,0.4166666666666667,MULTI_day_time,False,Backward Future
6953,日曜日以降政府予算が出るでしょう。,水曜日以前政府予算が出るでしょう。,Neutral,0.4285714285714285,SINGLE_day,False,Forward Future
6989,2000年に、政府予算が出るでしょう。,1934年以降、政府予算が出るでしょう。,Entailment,0.6534653465346535,SINGLE_year,True,Backward Future
6992,1912年以前政府予算が出るでしょう。,1914年以前政府予算が出るでしょう。,Entailment,0.0198019801980198,SINGLE_year,False,Forward Future
6995,1988年以降、政府予算が出るでしょう。,1965年以降、政府予算が出るでしょう。,Entailment,0.2277227722772277,SINGLE_year,False,Backward Future
7031,5時以前政府予算が出るでしょう。,8時以降政府予算が出るでしょう。,Contradiction,0.125,SINGLE_day_time_24,False,Forward Future
7033,14時以降政府予算が出るでしょう。,4時以降政府予算が出るでしょう。,Entailment,0.4166666666666667,SINGLE_day_time_24,False,Forward Future
7058,14日以前、政府予算が出るでしょう。,13日以前、政府予算が出るでしょう。,Neutral,0.0357142857142857,SINGLE_date,False,Backward Future
7105,5月に、その囚人の刑期が終わるでしょう。,6月以降、その囚人の刑期が終わるでしょう。,Contradiction,0.0833333333333333,SINGLE_month,True,Backward Future
7211,6時以前この記事が掲載されるでしょう。,午後2時以前この記事が掲載されるでしょう。,Entailment,0.2916666666666667,MULTI_day_time,False,Forward Future
7248,午前8時に、この記事が掲載されるでしょう。,午前12時以降、この記事が掲載されるでしょう。,Contradiction,0.1666666666666666,SINGLE_day_time_12,True,Backward Future
7458,午前8時以前、マイケルは私の家に到着するでしょう。,午前3時以前、マイケルは私の家に到着するでしょう。,Neutral,0.2083333333333333,SINGLE_day_time_12,False,Backward Future
7491,11日以前マイケルは私の家に到着するでしょう。,18日以前マイケルは私の家に到着するでしょう。,Entailment,0.25,SINGLE_date,False,Forward Future
7497,18日以降、マイケルは私の家に到着するでしょう。,6日以前、マイケルは私の家に到着するでしょう。,Contradiction,0.4285714285714285,SINGLE_date,False,Backward Future
7520,午後5時にフットボールの試合が始まるでしょう。,午前6時以前フットボールの試合が始まるでしょう。,Contradiction,0.4583333333333333,SINGLE_day_time_12,True,Forward Future
7563,午後11時に私の英語の授業が始まるでしょう。,14時以降私の英語の授業が始まるでしょう。,Entailment,0.3333333333333333,MULTI_day_time,True,Forward Future
7573,午後7時以降私の英語の授業が始まるでしょう。,9時以前私の英語の授業が始まるでしょう。,Contradiction,0.375,MULTI_day_time,False,Forward Future
7620,午後10時に私の英語の授業が始まるでしょう。,午後5時以前私の英語の授業が始まるでしょう。,Contradiction,0.2083333333333333,SINGLE_day_time_12,True,Forward Future
7632,午前11時以前私の英語の授業が始まるでしょう。,午後7時以前私の英語の授業が始まるでしょう。,Entailment,0.3333333333333333,SINGLE_day_time_12,False,Forward Future
7643,12時に私の英語の授業が始まるでしょう。,2時以降私の英語の授業が始まるでしょう。,Entailment,0.4166666666666667,SINGLE_day_time_24,True,Forward Future
7645,7時に、私の英語の授業が始まるでしょう。,18時以前、私の英語の授業が始まるでしょう。,Entailment,0.4583333333333333,SINGLE_day_time_24,True,Backward Future
7683,午後10時にコーディング大会が始まるでしょう。,19時以降コーディング大会が始まるでしょう。,Entailment,0.0833333333333333,MULTI_day_time,True,Forward Future
7705,木曜日に、コーディング大会が始まるでしょう。,月曜日以降、コーディング大会が始まるでしょう。,Entailment,0.4285714285714285,SINGLE_day,True,Backward Future
7710,水曜日以降コーディング大会が始まるでしょう。,日曜日以降コーディング大会が始まるでしょう。,Entailment,0.4285714285714285,SINGLE_day,False,Forward Future
7732,午前10時以降コーディング大会が始まるでしょう。,午後1時以前コーディング大会が始まるでしょう。,Neutral,0.125,SINGLE_day_time_12,False,Forward Future
7854,午前5時以前私はオフィスでの休暇を開始するでしょう。,8時以前私はオフィスでの休暇を開始するでしょう。,Entailment,0.1666666666666666,MULTI_day_time,False,Forward Future
7925,9時に、私はオフィスでの休暇を開始するでしょう。,11時以降、私はオフィスでの休暇を開始するでしょう。,Contradiction,0.0833333333333333,SINGLE_day_time_24,True,Backward Future
7976,水曜日以降、私は長期休暇を利用して旅立つでしょう。,月曜日以降、私は長期休暇を利用して旅立つでしょう。,Entailment,0.2857142857142857,SINGLE_day,False,Backward Future
7988,2月に、私は長期休暇を利用して旅立つでしょう。,7月以前、私は長期休暇を利用して旅立つでしょう。,Entailment,0.4166666666666667,SINGLE_month,True,Backward Future
8083,1日に春学期が始まるでしょう。,15日以前春学期が始まるでしょう。,Entailment,0.5,SINGLE_date,True,Forward Future
8092,27日以降春学期が始まるでしょう。,28日以前春学期が始まるでしょう。,Neutral,0.0357142857142857,SINGLE_date,False,Forward Future
8155,4月以降、私はMSアプリケーションに着手するでしょう。,1月以前、私はMSアプリケーションに着手するでしょう。,Contradiction,0.25,SINGLE_month,False,Backward Future
8160,午前6時に私はMSアプリケーションに着手するでしょう。,午後1時以前私はMSアプリケーションに着手するでしょう。,Entailment,0.2916666666666667,SINGLE_day_time_12,True,Forward Future
8191,12時以前私はMSアプリケーションに着手するでしょう。,6時以前私はMSアプリケーションに着手するでしょう。,Neutral,0.25,SINGLE_day_time_24,False,Forward Future
8238,木曜日以前、戦争が始まるでしょう。,月曜日以降、戦争が始まるでしょう。,Neutral,0.4285714285714285,SINGLE_day,False,Backward Future
8318,4月以降、その国は独裁国家となるでしょう。,3月以前、その国は独裁国家となるでしょう。,Contradiction,0.0833333333333333,SINGLE_month,False,Backward Future
8417,午前2時以降、メアリーのパーティーが始まるでしょう。,10時以前、メアリーのパーティーが始まるでしょう。,Neutral,0.375,MULTI_day_time,False,Backward Future
8488,水曜日に、サーバーがバックアップされるでしょう。,日曜日以前、サーバーがバックアップされるでしょう。,Contradiction,0.4285714285714285,SINGLE_day,True,Backward Future
8563,午後4時に夕食の準備ができるでしょう。,22時以降夕食の準備ができるでしょう。,Contradiction,0.2916666666666667,MULTI_day_time,True,Forward Future
8682,18時に私たちのお気に入りの朝食レストランが開店するでしょう。,6時以前私たちのお気に入りの朝食レストランが開店するでしょう。,Contradiction,0.5,SINGLE_day_time_24,True,Forward Future
8707,6日に、私たちのお気に入りの朝食レストランが開店するでしょう。,4日以前、私たちのお気に入りの朝食レストランが開店するでしょう。,Contradiction,0.0714285714285714,SINGLE_date,True,Backward Future
8777,午後10時以前、大統領がスピーチをするでしょう。,午後4時以降、大統領がスピーチをするでしょう。,Neutral,0.25,SINGLE_day_time_12,False,Backward Future
8818,27日以前、大統領がスピーチをするでしょう。,28日以前、大統領がスピーチをするでしょう。,Entailment,0.0357142857142857,SINGLE_date,False,Backward Future
8850,月曜日以前公園が開くでしょう。,木曜日以前公園が開くでしょう。,Entailment,0.4285714285714285,SINGLE_day,False,Forward Future
8870,6月以降公園が開くでしょう。,5月以降公園が開くでしょう。,Entailment,0.0833333333333333,SINGLE_month,False,Forward Future
8899,午前8時以前、公園が開くでしょう。,午後2時以降、公園が開くでしょう。,Contradiction,0.25,SINGLE_day_time_12,False,Backward Future
8936,20日以降、公園が開くでしょう。,11日以降、公園が開くでしょう。,Entailment,0.3214285714285714,SINGLE_date,False,Backward Future
8954,土曜日以降バスケットボールのシーズンが終わるでしょう。,木曜日以前バスケットボールのシーズンが終わるでしょう。,Contradiction,0.2857142857142857,SINGLE_day,False,Forward Future
8957,金曜日以前、バスケットボールのシーズンが終わるでしょう。,木曜日以降、バスケットボールのシーズンが終わるでしょう。,Neutral,0.1428571428571428,SINGLE_day,False,Backward Future
8976,6月以降、バスケットボールのシーズンが終わるでしょう。,1月以降、バスケットボールのシーズンが終わるでしょう。,Entailment,0.4166666666666667,SINGLE_month,False,Backward Future
9000,6月に私たちは野外コンサートに参加するようになるでしょう。,8月以前私たちは野外コンサートに参加するようになるでしょう。,Entailment,0.1666666666666666,SINGLE_month,True,Forward Future
9003,8月に私たちは野外コンサートに参加するようになるでしょう。,3月以前私たちは野外コンサートに参加するようになるでしょう。,Contradiction,0.4166666666666667,SINGLE_month,True,Forward Future
9038,午前10時以前、最終的な成績の提出期限です。,13時以降、最終的な成績の提出期限です。,Contradiction,0.1666666666666666,MULTI_day_time,False,Backward Future
9150,2月以前ケンドリックのアルバムが発売されるでしょう。,5月以降ケンドリックのアルバムが発売されるでしょう。,Contradiction,0.25,SINGLE_month,False,Forward Future
9156,7月以前、ケンドリックのアルバムが発売されるでしょう。,9月以前、ケンドリックのアルバムが発売されるでしょう。,Entailment,0.1666666666666666,SINGLE_month,False,Backward Future
9169,1937年に、ケンドリックのアルバムが発売されるでしょう。,1916年以降、ケンドリックのアルバムが発売されるでしょう。,Entailment,0.2079207920792079,SINGLE_year,True,Backward Future
9175,1911年以降、ケンドリックのアルバムが発売されるでしょう。,1993年以降、ケンドリックのアルバムが発売されるでしょう。,Neutral,0.8118811881188119,SINGLE_year,False,Backward Future
9195,3日以降、ケンドリックのアルバムが発売されるでしょう。,9日以前、ケンドリックのアルバムが発売されるでしょう。,Neutral,0.2142857142857142,SINGLE_date,False,Backward Future
9204,金曜日に大統領選挙が行われるでしょう。,水曜日以降大統領選挙が行われるでしょう。,Entailment,0.2857142857142857,SINGLE_day,True,Forward Future
9217,土曜日以降、大統領選挙が行われるでしょう。,木曜日以降、大統領選挙が行われるでしょう。,Entailment,0.2857142857142857,SINGLE_day,False,Backward Future
9253,1942年以降大統領選挙が行われるでしょう。,1908年以前大統領選挙が行われるでしょう。,Contradiction,0.3366336633663366,SINGLE_year,False,Forward Future
9290,午前7時以降大家さんが家賃を徴収するでしょう。,0時以前大家さんが家賃を徴収するでしょう。,Contradiction,0.25,MULTI_day_time,False,Forward Future
9353,2時以前大家さんが家賃を徴収するでしょう。,10時以前大家さんが家賃を徴収するでしょう。,Entailment,0.3333333333333333,SINGLE_day_time_24,False,Forward Future
9371,16日以降大家さんが家賃を徴収するでしょう。,13日以前大家さんが家賃を徴収するでしょう。,Contradiction,0.1071428571428571,SINGLE_date,False,Forward Future
9443,8時に私たちは自転車に乗るでしょう。,9時以前私たちは自転車に乗るでしょう。,Entailment,0.0416666666666666,SINGLE_day_time_24,True,Forward Future
9457,22時以降、私たちは自転車に乗るでしょう。,19時以前、私たちは自転車に乗るでしょう。,Contradiction,0.125,SINGLE_day_time_24,False,Backward Future
9506,12月に、Appleは新しいiPhoneを発売するでしょう。,10月以降、Appleは新しいiPhoneを発売するでしょう。,Entailment,0.1666666666666666,SINGLE_month,True,Backward Future
9514,2月以降Appleは新しいiPhoneを発売するでしょう。,8月以前Appleは新しいiPhoneを発売するでしょう。,Neutral,0.5,SINGLE_month,False,Forward Future
9521,5日にAppleは新しいiPhoneを発売するでしょう。,4日以降Appleは新しいiPhoneを発売するでしょう。,Entailment,0.0357142857142857,SINGLE_date,True,Forward Future
9606,5時に、診察の予定が入っている。,午後4時以前、診察の予定が入っている。,Entailment,0.4166666666666667,MULTI_day_time,True,Backward Future
9667,8時に、診察の予定が入っている。,20時以前、診察の予定が入っている。,Entailment,0.5,SINGLE_day_time_24,True,Backward Future
9745,1998年8月26日以降私たちはディズニーランドに行った。,1913年4月8日以前私たちはディズニーランドに行った。,Contradiction,0.8415841584158416,DATE_DMY,False,Forward Past
9805,1961年11月以前マイケルは家を買った。,1991年8月以前マイケルは家を買った。,Entailment,0.297029702970297,DATE_MY,False,Forward Past
9818,1911年8月以降、マイケルは家を買った。,1934年6月以前、マイケルは家を買った。,Neutral,0.2277227722772277,DATE_MY,False,Backward Past
9860,1968年1月20日にトラが最後に目撃された。,1977年1月21日以降トラが最後に目撃された。,Contradiction,0.0891089108910891,DATE_DMY,True,Forward Past
9875,1995年9月20日以降、トラが最後に目撃された。,1904年5月11日以降、トラが最後に目撃された。,Entailment,0.900990099009901,DATE_DMY,False,Backward Past
9902,1914年12月15日に彼は仕事を辞めた。,1925年3月17日以前彼は仕事を辞めた。,Entailment,0.1089108910891089,DATE_DMY,True,Forward Past
9914,1914年9月27日に、彼は仕事を辞めた。,1981年4月14日以前、彼は仕事を辞めた。,Entailment,0.6633663366336634,DATE_DMY,True,Backward Past
9940,1966年2月1日に会議が開催された。,1962年3月12日以前会議が開催された。,Contradiction,0.0396039603960396,DATE_DMY,True,Forward Past
9958,1959年3月23日以前、会議が開催された。,1976年2月14日以前、会議が開催された。,Entailment,0.1683168316831683,DATE_DMY,False,Backward Past
10050,1952年3月に、津波が海岸を襲った。,1978年2月以前、津波が海岸を襲った。,Entailment,0.2574257425742574,DATE_MY,True,Backward Past
10088,1938年1月以降このチームはワールドカップで優勝した。,1935年10月以前このチームはワールドカップで優勝した。,Contradiction,0.0297029702970297,DATE_MY,False,Forward Past
10099,1919年9月以降、このチームはワールドカップで優勝した。,1913年8月以前、このチームはワールドカップで優勝した。,Contradiction,0.0594059405940594,DATE_MY,False,Backward Past
10162,1997年2月にこの株の価格がピークに達した。,1972年10月以前この株の価格がピークに達した。,Contradiction,0.2475247524752475,DATE_MY,True,Forward Past
10217,1911年7月以降、倒産した会社が大規模なレイオフを実施した。,1940年7月以降、倒産した会社が大規模なレイオフを実施した。,Neutral,0.2871287128712871,DATE_MY,False,Backward Past
10227,1909年4月28日以前政府予算が出た。,1978年1月26日以前政府予算が出た。,Entailment,0.6831683168316832,DATE_DMY,False,Forward Past
10243,1961年9月に政府予算が出た。,1953年11月以降政府予算が出た。,Entailment,0.0792079207920792,DATE_MY,True,Forward Past
10247,1991年10月以前政府予算が出た。,1907年8月以降政府予算が出た。,Neutral,0.8316831683168316,DATE_MY,False,Forward Past
10250,1976年1月に、政府予算が出た。,1912年10月以前、政府予算が出た。,Contradiction,0.6336633663366337,DATE_MY,True,Backward Past
10271,1947年1月13日に、その囚人の刑期が終わった。,1938年11月3日以前、その囚人の刑期が終わった。,Contradiction,0.0891089108910891,DATE_DMY,True,Backward Past
10319,1915年3月4日以降、この記事が掲載された。,1927年10月23日以降、この記事が掲載された。,Neutral,0.1188118811881188,DATE_DMY,False,Backward Past
10336,1994年8月以降、この記事が掲載された。,1990年9月以降、この記事が掲載された。,Entailment,0.0396039603960396,DATE_MY,False,Backward Past
10345,1972年9月27日以降私はこの写真をインスタグラムに投稿した。,1906年2月7日以前私はこの写真をインスタグラムに投稿した。,Contradiction,0.6534653465346535,DATE_DMY,False,Forward Past
10363,1902年3月に私はこの写真をインスタグラムに投稿した。,1956年8月以降私はこの写真をインスタグラムに投稿した。,Contradiction,0.5346534653465347,DATE_MY,True,Forward Past
10426,1945年9月4日以降私の祖父が生まれた。,1943年3月19日以降私の祖父が生まれた。,Entailment,0.0198019801980198,DATE_DMY,False,Forward Past
10432,1989年5月17日に、私の祖父が生まれた。,1970年2月21日以前、私の祖父が生まれた。,Contradiction,0.1881188118811881,DATE_DMY,True,Backward Past
10446,1954年9月以降私の祖父が生まれた。,1935年4月以前私の祖父が生まれた。,Contradiction,0.1881188118811881,DATE_MY,False,Forward Past
10489,1996年9月以降その国は独裁国家となった。,1952年8月以降その国は独裁国家となった。,Entailment,0.4356435643564356,DATE_MY,False,Forward Past
10521,1918年5月にパンデミックが始まった。,1943年5月以前パンデミックが始まった。,Entailment,0.2475247524752475,DATE_MY,True,Forward Past
10540,1911年3月8日に私たちのお気に入りの朝食レストランが開店した。,1990年6月6日以前私たちのお気に入りの朝食レストランが開店した。,Entailment,0.7821782178217822,DATE_DMY,True,Forward Past
10576,1995年4月以降、私たちのお気に入りの朝食レストランが開店した。,1938年6月以降、私たちのお気に入りの朝食レストランが開店した。,Entailment,0.5643564356435643,DATE_MY,False,Backward Past
10594,1918年2月11日に、公園が開いた。,1916年11月27日以降、公園が開いた。,Entailment,0.0198019801980198,DATE_DMY,True,Backward Past
10597,1945年8月17日以降、公園が開いた。,1972年9月7日以前、公園が開いた。,Neutral,0.2673267326732673,DATE_DMY,False,Backward Past
10606,1997年10月以前公園が開いた。,1976年3月以降公園が開いた。,Neutral,0.2079207920792079,DATE_MY,False,Forward Past
10611,1955年6月に、公園が開いた。,1981年4月以前、公園が開いた。,Entailment,0.2574257425742574,DATE_MY,True,Backward Past
10613,1932年9月に、公園が開いた。,1980年8月以降、公園が開いた。,Contradiction,0.4752475247524752,DATE_MY,True,Backward Past
10655,1990年11月以降、私たちは野外コンサートに参加するようになった。,1948年4月以前、私たちは野外コンサートに参加するようになった。,Contradiction,0.4158415841584158,DATE_MY,False,Backward Past
10668,1990年2月11日以前ケンドリックのアルバムが発売された。,1975年11月4日以前ケンドリックのアルバムが発売された。,Neutral,0.1485148514851485,DATE_DMY,False,Forward Past
10678,1948年3月28日以降、ケンドリックのアルバムが発売された。,1936年1月14日以前、ケンドリックのアルバムが発売された。,Contradiction,0.1188118811881188,DATE_DMY,False,Backward Past
10706,1991年12月24日以前大統領選挙が行われた。,1928年6月1日以降大統領選挙が行われた。,Neutral,0.6237623762376238,DATE_DMY,False,Forward Past
10716,1948年1月5日以降、大統領選挙が行われた。,1928年6月1日以前、大統領選挙が行われた。,Contradiction,0.198019801980198,DATE_DMY,False,Backward Past
10747,1944年11月10日以降彼らは結婚するでしょう。,1933年2月10日以前彼らは結婚するでしょう。,Contradiction,0.1089108910891089,DATE_DMY,False,Forward Future
10750,1902年9月12日に、彼らは結婚するでしょう。,1945年12月15日以降、彼らは結婚するでしょう。,Contradiction,0.4257425742574257,DATE_DMY,True,Backward Future
10755,1919年3月6日以前、彼らは結婚するでしょう。,1963年11月5日以降、彼らは結婚するでしょう。,Contradiction,0.4356435643564356,DATE_DMY,False,Backward Future
10756,1935年6月9日以前、彼らは結婚するでしょう。,1907年4月27日以前、彼らは結婚するでしょう。,Neutral,0.2772277227722772,DATE_DMY,False,Backward Future
10805,1987年4月以降私たちはディズニーランドに行くでしょう。,1975年12月以前私たちはディズニーランドに行くでしょう。,Contradiction,0.1188118811881188,DATE_MY,False,Forward Future
10811,1908年6月に、私たちはディズニーランドに行くでしょう。,1918年9月以前、私たちはディズニーランドに行くでしょう。,Entailment,0.099009900990099,DATE_MY,True,Backward Future
10835,1918年3月11日以前、マイケルは家を買うでしょう。,1955年11月26日以降、マイケルは家を買うでしょう。,Contradiction,0.3663366336633663,DATE_DMY,False,Backward Future
10839,1966年11月18日以前、マイケルは家を買うでしょう。,1915年1月11日以降、マイケルは家を買うでしょう。,Neutral,0.504950495049505,DATE_DMY,False,Backward Future
10845,1906年4月以降マイケルは家を買うでしょう。,1902年6月以降マイケルは家を買うでしょう。,Entailment,0.0396039603960396,DATE_MY,False,Forward Future
10848,1908年1月以前マイケルは家を買うでしょう。,1922年11月以降マイケルは家を買うでしょう。,Contradiction,0.1386138613861386,DATE_MY,False,Forward Future
10867,1956年5月28日以降リリーは飛行機でニューヨークに行くでしょう。,1968年2月11日以降リリーは飛行機でニューヨークに行くでしょう。,Neutral,0.1188118811881188,DATE_DMY,False,Forward Future
10870,1957年2月22日に、リリーは飛行機でニューヨークに行くでしょう。,1914年8月17日以降、リリーは飛行機でニューヨークに行くでしょう。,Entailment,0.4257425742574257,DATE_DMY,True,Backward Future
10896,1933年3月以前、リリーは飛行機でニューヨークに行くでしょう。,1998年8月以前、リリーは飛行機でニューヨークに行くでしょう。,Entailment,0.6435643564356436,DATE_MY,False,Backward Future
10899,2000年12月以降、リリーは飛行機でニューヨークに行くでしょう。,1987年8月以前、リリーは飛行機でニューヨークに行くでしょう。,Contradiction,0.1287128712871287,DATE_MY,False,Backward Future
10918,1995年3月24日以降、会議が開催されるでしょう。,1940年10月16日以降、会議が開催されるでしょう。,Entailment,0.5445544554455446,DATE_DMY,False,Backward Future
10948,1942年4月10日以降このチームはワールドカップで優勝するでしょう。,1913年10月14日以前このチームはワールドカップで優勝するでしょう。,Contradiction,0.2871287128712871,DATE_DMY,False,Forward Future
10950,1989年1月20日に、このチームはワールドカップで優勝するでしょう。,1986年2月25日以前、このチームはワールドカップで優勝するでしょう。,Contradiction,0.0297029702970297,DATE_DMY,True,Backward Future
10975,1905年6月以降、このチームはワールドカップで優勝するでしょう。,1913年11月以前、このチームはワールドカップで優勝するでしょう。,Neutral,0.0792079207920792,DATE_MY,False,Backward Future
10979,1988年1月以降、このチームはワールドカップで優勝するでしょう。,1988年7月以降、このチームはワールドカップで優勝するでしょう。,Neutral,0.5,DATE_MY,False,Backward Future
11026,1922年3月14日以前この株の価格がピークに達するでしょう。,1999年5月23日以前この株の価格がピークに達するでしょう。,Entailment,0.7623762376237624,DATE_DMY,False,Forward Future
11043,1901年9月にこの株の価格がピークに達するでしょう。,1934年7月以前この株の価格がピークに達するでしょう。,Entailment,0.3267326732673267,DATE_MY,True,Forward Future
11047,1992年2月以降この株の価格がピークに達するでしょう。,1925年5月以降この株の価格がピークに達するでしょう。,Entailment,0.6633663366336634,DATE_MY,False,Forward Future
11050,1906年9月に、この株の価格がピークに達するでしょう。,1965年8月以降、この株の価格がピークに達するでしょう。,Contradiction,0.5841584158415841,DATE_MY,True,Backward Future
11051,1914年11月に、この株の価格がピークに達するでしょう。,1953年4月以前、この株の価格がピークに達するでしょう。,Entailment,0.3861386138613861,DATE_MY,True,Backward Future
11058,1948年8月以降、この株の価格がピークに達するでしょう。,1946年10月以降、この株の価格がピークに達するでしょう。,Entailment,0.0198019801980198,DATE_MY,False,Backward Future
11059,1929年7月以前、この株の価格がピークに達するでしょう。,1936年11月以降、この株の価格がピークに達するでしょう。,Contradiction,0.0693069306930693,DATE_MY,False,Backward Future
11068,1904年1月9日以前政府予算が出るでしょう。,1953年9月9日以前政府予算が出るでしょう。,Entailment,0.4851485148514851,DATE_DMY,False,Forward Future
11102,1997年11月16日にその囚人の刑期が終わるでしょう。,1998年9月18日以前その囚人の刑期が終わるでしょう。,Entailment,0.0099009900990099,DATE_DMY,True,Forward Future
11103,1940年9月25日にその囚人の刑期が終わるでしょう。,1966年8月22日以降その囚人の刑期が終わるでしょう。,Contradiction,0.2574257425742574,DATE_DMY,True,Forward Future
11113,1962年4月4日に、その囚人の刑期が終わるでしょう。,1928年9月19日以降、その囚人の刑期が終わるでしょう。,Entailment,0.3366336633663366,DATE_DMY,True,Backward Future
11119,1902年12月17日以前、その囚人の刑期が終わるでしょう。,1985年5月12日以前、その囚人の刑期が終わるでしょう。,Entailment,0.8217821782178217,DATE_DMY,False,Backward Future
11123,1910年11月にその囚人の刑期が終わるでしょう。,1909年7月以前その囚人の刑期が終わるでしょう。,Contradiction,0.0099009900990099,DATE_MY,True,Forward Future
11140,1937年4月22日にケンドリックのアルバムが発売されるでしょう。,1996年1月19日以降ケンドリックのアルバムが発売されるでしょう。,Contradiction,0.5841584158415841,DATE_DMY,True,Forward Future
11145,1953年9月24日以前ケンドリックのアルバムが発売されるでしょう。,1904年2月13日以降ケンドリックのアルバムが発売されるでしょう。,Neutral,0.4851485148514851,DATE_DMY,False,Forward Future
11164,1978年3月にケンドリックのアルバムが発売されるでしょう。,1916年12月以前ケンドリックのアルバムが発売されるでしょう。,Contradiction,0.6138613861386139,DATE_MY,True,Forward Future
11168,1971年11月以前ケンドリックのアルバムが発売されるでしょう。,1939年11月以降ケンドリックのアルバムが発売されるでしょう。,Neutral,0.3168316831683168,DATE_MY,False,Forward Future
11184,1986年3月13日に大統領選挙が行われるでしょう。,1971年11月16日以降大統領選挙が行われるでしょう。,Entailment,0.1485148514851485,DATE_DMY,True,Forward Future
11204,1981年9月に大統領選挙が行われるでしょう。,1994年5月以前大統領選挙が行われるでしょう。,Entailment,0.1287128712871287,DATE_MY,True,Forward Future
11208,1909年1月以降大統領選挙が行われるでしょう。,1984年8月以降大統領選挙が行われるでしょう。,Neutral,0.7425742574257426,DATE_MY,False,Forward Future
11213,1928年10月に、大統領選挙が行われるでしょう。,1972年12月以降、大統領選挙が行われるでしょう。,Contradiction,0.4356435643564356,DATE_MY,True,Backward Future
